Product Name,Price,Quantity Available,Specifications
Պտուտակաբանալի կիսալուսին փակ-փակ 10*12մմ YATO YT-0170,1000,3,"Ընդհանուր երկարություն` - 145 մմ․, Չափս` - 10x12 մմ․, Հումք` - CrV 6140, Մակերևույթի ծածկույթ` - քրոմապատ, Կարծրություն` - 42-48 HRC"
Պտուտակաբանալի կտրվածքով բաց-բաց 19*21մմ YATO YT-0139,1700,3,"Չափս` - 19x21 մմ․, Երկարություն` - 230 մմ․, Հումք` - CrV 6140, Մակերևույթի ծածկույթ` - քրոմապատ, փայլեցված, Գլխիկի թեքության անկյուն` - 15 ˚"
Գալովկա շառնիրային 16մմ-3/8 YATO YT-38517,3250,2,"Չափս` - 16 մմ․, Արտաքին տրամագիծ` - 19 մմ․, Երկարություն` - 98 մմ․, Կրիչի չափս` - 3/8 "" (9,5 մմ․), Հումք` - CrV, Մագնիս` - առկա է"
Գալովկա շառնիրի 14մմ-3/8 YATO YT-38516,2950,3,"Չափս` - 14 մմ․, Արտաքին տրամագիծ` - 19 մմ․, Կրիչի չափս` - 3/8 "" (9.5 մմ), Երկարություն` - 98 մմ․, Հումք` - CrV, Մագնիս` - առկա է"
Սյոմնիկի հավաքածու պաչևնիկների և տուլկիների համար 31կտ YATO YT-25412,46000,1,"Հեղույս ի չափս` - 38 մմ․, Հավաքածուի ընդհանուր քանակ` - 31 կտ․"
Կարգավորվող բանալի ռեզինապատ 375մմ YATO YT-21654,8400,1,"Երկարություն` - 375 մմ․, Գլխիկի բացման միջակայք` - 45 մմ․"
Գալովկայի անցում նիկել 1/2F-3/4M YATO YT-1356,1400,1,"Կրիչի չափս` - 1/2 "" (12,7 մմ․) (F), Գլխիկի չափս` - 3/4"" (19.0 մմ․) (M), Գլխիկի արտաքին տրամագիծ` - 26 մմ․, Երկարություն` - 48 մմ․"
Գալովկայի անցում նիկել 3/4F-1/2M YATO YT-1355,2100,2,"Գլխիկի չափս` - 3/4"" (19 մմ․) (F), Կրիչի չափս` - 1/2"" (12,7 մմ․) (M), Գլխիկի արտաքին տրամագիծ` - 36 մմ․, Երկարություն` - 53 մմ․"
Աստղիկ պտուտակաբանալու հավաքածու 9կտ YATO YT-0563,6200,1,"Տեսակ` - Torx TR, Չափս` - T10, T15, T20, T25, T27, T30, T40, T45, T50, Երկարություն` - 87, 97, 108, 123, 137, 158, 177, 197, 216 մմ․, Քանակ` - 9 կտոր"
Վեցանկյուն պտուտակաբանալու հավաքածու 9կտ 2-10մմ YATO YT-0502,2650,2,"Լայնություն` - 16, 18, 21, 23, 28, 31, 33, 35, 39 մմ․, Երկարություն` - 81, 88, 95, 109, 121, 135, 145, 157, 174 մմ․, Չափսեր` - 2, 2.5, 3, 4, 5, 6, 7, 8, 10 մմ․, Քանակ` - 9 հատ"
Գալովկա որձ վեցանկյուն 1/2-T4-L100մմ YATO YT-04390,900,3,"Գլխիկի չափս` - վեցանկյուն 4 մմ․, Կրիչի չափս` - 1/2 "" (12,7 մմ․), Առավելագույն պտտման ուժ` - 16 Նմ․, Երկարություն` - 100 մմ․, Հումք` - S2, CrV 6150, Մակերևույթի ծածկույթ` - քրոմապատ, նիկելապատ, Կարծրություն` - 58-62 HRC"
Պտուտակաբանալի կիսալուսին փակ-փակ 19*22մմ YATO YT-0175,2200,3,"Ընդհանուր երկարություն` - 260 մմ․, Չափս` - 19x22 մմ․, Հումք` - CrV 6140, Մակերևույթի ծածկույթ` - քրոմապատ, Կարծրություն` - 42-48 HRC"
Պտուտակաբանալի կիսալուսին փակ-փակ 16*17մմ YATO YT-0173,1700,3,"Ընդհանուր երկարություն` - 220 մմ․, Չափս` - 16x17 մմ․, Հումք` - CrV 6140, Մակերևույթի ծածկույթ` - քրոմապատ, Կարծրություն` - 42-48 HRC"
Պտուտակաբանալի կիսալուսին փակ-փակ 14*15մմ YATO YT-0172,1500,3,"Ընդհանուր երկարություն` - 195 մմ․, Չափսեր` - 14x15 մմ․, Հումք` - CrV 6140, Մակերևույթի ծածկույթ` - քրոմապատ, Կարծրություն` - 42-48 HRC"
Պտուտակաբանալու հավաքածու 4կտ բաց-բաց YATO YT-0143,5000,1,"Չափսեր` - 8x10, 11x12, 13x14, 15x17 մմ․, Հումք` - CrV 6140, Մակերևույթի ծածկույթ` - քրոմապատ, փայլեցված, Գլխիկի թեքության անկյուն` - 15 ˚, Քանակ` - 4 կտոր"
Պտուտակաբանալի կտրվածքով բաց-բաց 22*24մմ YT-0140,2200,3,"Չափս` - 22x24 մմ․, Երկարություն` - 250 մմ․, Հումք` - CrV 6140, Մակերևույթի ծածկույթ` - քրոմապատ, փայլեցված, Գլխիկի թեքության անկյուն` - 15 ˚"
Պտուտակաբանալի կտրվածքով բաց-բաց 13*14մմ YATO YT-0137,1300,3,"Չափս` - 13x14 մմ․, Երկարություն` - 175 մմ․, Հումք` - CrV 6140, Մակերևույթի ծածկույթ` - քրոմապատ, փայլեցված, Գլխիկի թեքության անկյուն` - 15 ˚"
Պտուտակաբանալի կտրվածքով բաց-բաց 11*12մմ YATO YT-0136,1100,3,"Չափս` - 11x12 մմ․, Երկարություն` - 160 մմ․, Հումք` - CrV 6140, Մակերևույթի ծածկույթ` - քրոմապատ, փայլեցված, Գլխիկի թեքության անկյուն` - 15 ˚"
Պտուտակաբանալի կտրվածքով բաց-բաց 8*10մմ YATO YT-0135,800,3,"Չափս` - 8x10 մմ․, Երկարություն` - 140 մմ., Հումք` - CrV 6140, Մակերևույթի ծածկույթ` - քրոմապատ, փայլեցված, Գլխիկի թեքության անկյուն` - 15 ˚"
Սյոմնիկ ուղիղ 225մմ BERENT BT1118,1850,3,Երկարություն` - 225 մմ․
Սյոմնիկ 10տ BERENT BT9202,71400,1,Սեղմնան ուժ` - 10 տ․
Սյոմնիկ 5տ BERENT BT9201,42150,1,Սեղմնան ուժ` - 5 տ․
Պաչևնիկ և սալնիկ տեղադրելու հավաքածու 10կտ YATO YT-0638,16750,1,"Չափսեր` - Ø40, 44, 50, 59, 63, 65, 72, 76, 81 մմ․, Հումք` - ալյումին, Քանակ` - 10 կտոր"
Սյոմնիկի հավաքածու 12կտ YATO YT-25105,40900,1,Քանակ` - 12 կտոր
Ունելի սուր BERENT BT9192,450,1,
Աստղիկ գլխիկների հավաքածու հարվածային 9կտ YATO YT-10664,3650,1,"Կրիչի չափս` - 1/2"" (12,7 մմ․), Քանակ` - 9 կտոր"
Գալովկայի անցումների հավաքածու 6կտ YATO YT-10671,5450,1,Քանակ` - 6 կտոր
Պտուտակահան բանալի յազվա 175մմ YATO YT-20890,3650,2,"Երկարություն` - 175 մմ․, Բռնելու լայնություն` - 30 մմ․"
Պտուտակահան բանալի յազվա 240մմ YATO YT-20891,4600,3,"Երկարություն` - 240 մմ․, Բռնելու լայնություն` - 38 մմ․"
Պտուտակահան բանալի յազվա 300մմ YATO YT-20892,6600,3,"Երկարություն` - 300 մմ․, Բռնելու լայնություն` - 50 մմ․"
Պտուտակահան բանալի յազվա 415մմ YATO YT-20893,11200,2,"Երկարություն` - 415 մմ․, Բռնելու լայնություն` - 95 մմ․"
Տրիշոտկայի հավաքածու 6կտ YATO YT-29003,46550,1,"Չափսեր` - 1/2"", 3/4"", 1"", 1 1/4"", 1 1/2"" и 2"""
Յուղի ֆիլտրի բանալու սյոմնիկ 3 ոտք 63-120մմ YATO YT-0826,4000,2,"Տրամագիծ` - 63-120 մմ․, Կրիչի չափս` - 3/8"" (10 մմ․), 1/2"" (12,5 մմ․)"
Պտուտակահան բանալի յուղի ֆիլտրի 80-105մմ YATO YT-08236,11500,1,"Տրամագիծ` - 80-105 մմ․, Կրիչի չափս` - 1/2"" (12,5 մմ․)"
Պոկված շիկացման մոմերի ապամոնտաժման հավաքածու YT-05342,27400,1,"Կրիչի չափս` - 3/8 "" (9,5 մմ․), Գայլիկոնի տրամագիծ` - x2 (3,5 մմ․), Փորիչ` - x2 (7x5,5; 9x5,5), Կափույր` - x2 (6x3,5 մմ), Մետչիկ` - x3 (1/4"" NF28, M8x1, M10x1), Քանակ` - 16 կտոր"
Պտուտակահան բանալի փակ-փակ 4կտ. E6-E24 YATO YT-0530,5550,1,"Չափսեր` - E6xE8, E10xE12, E14xE18, E20xE24, Քանակ` - 4 հատ"
Գալովկա 1/2-E20 YATO YT-05226,700,5,"Երկարություն` - 38 մմ․, Չափս` - 1/2"" (12,7 մմ․) - E20"
Գալովկա 1/2-E14 YATO YT-05223,650,5,"Երկարություն` - 38 մմ․, Չափս` - 1/2"" (12,7 մմ․) - E14"
Գալովկա 1/2-E12 YATO YT-05222,600,4,"Երկարություն` - 38 մմ․, Չափս` - 1/2"" (12,7 մմ․) - E12"
Պտուտակահան բանալի բաց-փակ 8կտ. YATO YT-03611,9600,1,"Չափսեր` - 8, 10, 12, 13, 14, 15, 17, 19 մմ․, Քանակ` - 8 կտոր"
"Տրիշոտկա երկարող 1/2"" T72 305-445մմ YATO YT-0299",8500,1,"Երկարություն` - 305-445 մմ․, Կրիչի չափս` - 1/2"" (12,7 մմ․ )"
Ունիվերսալ սյոմնիկ շկիֆների 40-165մմ YATO YT-25480,10850,1,"Կափարիչի չափս` - 17 մմ․, Գործիքի կրիչի չափս` - 3/8"" (9,5 մմ), Աշխատանքային միջակայք` - 40-165 մմ․"
Սյոմնիկ պաչևնիկների YATO YT-25145,4500,1,"Տրամագիծ` - 5-30 մմ․, Կարգավորելի` - այո, Ծնոտների քանակ` - 2"
Պտուտակաբանալի խողովակի գոտիյով 300մմ YATO YT-22255,7200,1,"Երկարություն` - 300 մմ., Խողովակի տրամագիծ` - 8"" (200 մմ), Հումք` - ալյումին / նեյլոն"
Սյոմնիկ ռուլեվոյ տյագայի 5կտոր YATO YT-0616,16900,1,Քանակ` - 5 կտոր
Պտուտակաբանալի բաց-փակ N41 BERENT BT2418,7800,1,Չափս` - 41 մմ․
Պտուտակաբանալի երկկողմանի խողովակաձև 8-10 ZUBR 27162-08-10,650,3,"Չափսեր` - 8 х 10 մմ․, Երկարություն` - 110 մմ․"
Պտուտակաբանալի երկկողմանի խողովակաձև 10-12 ZUBR 27162-10-12,700,3,"Չափսեր` - 10 х 12 մմ,, Երկարություն` - 120 մմ․"
Վեցանկյուն բանալի 9կտ. BERENT BT2291,1200,3,Քանակ` - 9 կտոր
"Գալովկայի հավաքածու14կտ (1/2-8ից-21մմ, L=76մմ) YATO YT-5539",14900,1,"Տրամագիծ` - 8-21 մմ, Երկարություն` - 17,7 մմ․, Կրիչի չափս` - 1/2"" (12,7 մմ), Քանակ` - 14 կտոր"
Սյոմնիկի հավաքածու ավտոմեքենայիյի զսպանակի համար 7կտ YATO YT-2536,65000,1,"Երկարություն` - 400 մմ․, Աշխատանքային երկարություն` - 300 մմ․, Ֆիքսացիա` - 3 միավոր, Աշխատանքային միջակայք` - 65-125, 88-160, 126-212 մմ․, Կրիչի չափս` - 21 մմ․, Սեղմնան ուժ` - 1500 կգ․, Քանակ` - 7 կտոր"
Սյոմնիկ 12՝՝ YATO YT-2523,36950,1,"Չափս` - 12"", Ծնոտի երկարություն` - 225 մմ․, Ծնոտների միջև հեռավորություն` - 300 մմ․, Տրամագիծ` - 180 մմ․, Բանալիյի չափս` - 22 մմ․, Սեղմնան ուժ` - 11 տ․, Հեղույսի չափեր` - M20 x 2 x 295 մմ․"
Չերեպիցայի գլխիկ մագնիսական N10 YATO YT-1505,300,22,"Տրամագիծ` - 10 մմ., Երկարություն` - 48 մմ․, Կրիչի չափս` - 1/4"" (6,3 մմ)"
Գալովկայի պոչ շարժական T-ձև-3/8 YATO YT-1566,2300,2,"Ընդհանուր երկարություն` - 310 մմ․, Բռնակի երկարություն` - 200 մմ., Պոչի տրամագիծ` - 10 մմ․, Կրիչի չափս` - 3/8"" (9,5 մմ)"
Գալովկա բազմանկյուն N22 YATO YT-1474,680,3,"Տրամագիծ` - 22 մմ․, Երկարություն` - 38 մմ․, Կրիչի չափս` - 1/2 "" (12.7 мм)"
Գալովկա բազմանկյուն N21 YATO YT-1473,650,3,"Տրամագիծ` - 21 մմ., Երկարություն` - 38 մմ․, Կրիչի չափս` - 1/2 "" (12.7 мм)"
Գալովկա բազմանկյուն N20 YATO YT-1472,620,3,"Տրամագիծ` - 20 մմ., Երկարություն` - 38 մմ․, Կրիչի չափս` - 1/2 "" (12.7 мм)"
Գալովկա բազմանկյուն N18 YATO YT-1470,600,3,"Տրամագիծ` - 18 մմ., Երկարություն` - 38 մմ․, Կրիչի չափս` - 1/2 "" (12.7 мм)"
Գալովկա բազմանկյուն N16 YATO YT-1468,470,4,"Տրամագիծ` - 16 մմ., Երկարություն` - 38 մմ․, Կրիչի չափս` - 1/2 "" (12.7 мм)"
Գալովկա բազմանկյուն N9 YATO YT-1461,440,2,"Տրամագիծ` - 9 մմ․, Երկարություն` - 38 մմ․, Կրիչի չափս` - 1/2 "" (12.7 мм)"
Գալովկա բազմանկյուն N8 YATO YT-1460,420,3,"Տրամագիծ` - 8 մմ․, Երկարություն` - 38 մմ․, Կրիչի չափս` - 1/2 "" (12.7 мм)"
Գալովկայի պոչ շարժական T-ձև-1/2 YATO YT-1567,2400,2,"Ընդհանուր երկարություն` - 310 մմ․, Բռնակի երկարություն` - 200 մմ., Պոչի տրամագիծ` - 10 մմ․, Կրիչի չափս` - 1/2"" (13 մմ)"
Գալովկայի պոչ շարժական T-ձև-1/4 YATO YT-1565,2150,2,"Ընդհանուր երկարություն` - 310 մմ․, Բռնակի երկարություն` - 200 մմ., Պոչի տրամագիծ` - 8 մմ․, Կրիչի չափս` - 1/4"" (6,3 մմ)"
Գալովկա բազմանկյուն N24 YATO YT-1476,850,2,"Չափս` - 38 մմ․, Կրիչի չափս` - 1/2"" (12,7 մմ)"
Գալովկայի հավաքածու երկար ուդառնի 3կտ (N17-19-21 գունավոր) YATO YT-1056,7600,1,"Չափսեր` - 26, 29, 31 մմ․, Կրիչի չափս` - 1/2"" (12,7 մմ), Քանակ` - 3 կտոր"
Գալովկա հարվածային հավաքածու (10-ից-22մմ) YATO YT-1025,21000,1,"Երկարություն` - 39 մմ․, Չափս` - 10-22 մմ․, Կրիչի չափս` - 1/2 "" (12.7 мм)"
Գալովկա հարվածային N32-L=78մմ YATO YT-1052,2550,3,"Երկարություն` - 78 մմ․, Չափս` - 32 մմ."
Գալովկա հարվածային N30-L=78մմ YATO YT-1050,2250,2,"Երկարություն` - 78 մմ․, Չափս` - 30 մմ."
Գալովկա հարվածային N27-L=78մմ YATO YT-1047,2100,2,"Երկարություն` - 78 մմ․, Չափս` - 27 մմ․"
Գալովկա հաիվածային N26-L=78մմ YATO YT-1046,2000,3,"Երկարություն` - 78 մմ․, Չափս` - 26 մմ․"
Գալովկա հարվածային N24-L=78մմ YATO YT-1044,1550,2,"Երկարություն` - 78 մմ․, Չափս` - 24 մմ․"
Գալովկա հարվածային N32-L=48մմ YATO YT-1022,4550,3,"Երկարություն` - 48 մմ․, Չափս` - 32 մմ."
Խողովակի բանալի STAYER 27331-2,7000,1,"Երկարություն` - 440 մմ․, Առավելագույն չափս` - 55 մմ․, Մանեկով խողովակների համար` - 1-1/2"""
Խողովակի բանալի STAYER 27331-1,4900,1,"Երկարություն` - 330 մմ․, Առավելագույն չափս` - 40 մմ․, Մանեկով խողովակների համար` - 1"""
Խողովակի բանալի STAYER 27311-3,9900,1,"Երկարություն` - 560 մմ․, Առավելագույն չափս` - 67 մմ․, Մանեկով խողովակների համար` - 2"""
Խողովակի բանալի STAYER 27311-2,7850,2,"Երկարություն` - 440 մմ․, Առավելագույն չափս` - 55 մմ․, Մանեկով խողովակների համար` - 1-1/2"""
Խողովակի բանալի STAYER 27311-1_z01,6200,1,"Երկարություն` - 330 մմ․, Առավելագույն չափս` - 40 մմ․, Մանեկով խողովակների համար` - 1"""
Տրիշոտկա ուժաչափով 1/2՝՝ 40-210Nm YATO YT-0761,45900,1,"Երկարություն` - 516-534 մմ, Կրիչի չափս` - 1/2"" (12,7 մմ), Պտտման ուժ` - 40-210 Նմ"
Տրիշոտկա ուժաչափով 1/2՝՝ 65-335Nm YATO YT-07601,31650,1,"Երկարություն` - 518-540 մմ․, Կրիչի չափս` - 1/2"" (12,7 մմ), Պտտման ուժ` - 65-335 Նմ"
Գալովկա շարժական հավաքածու YATO YT-38520,7350,2,"Քանակ` - 4, Չափսեր` - 14 | 16 | 18 | 21մմ, Կրիչի չափս` - 3/8"" (9,5 մմ)"
"Սյոմնիկ 3 թաթով 8"" YATO YT-2522",22900,1,"Թևերի միջև տարածություն` - 200 մմ., Չափս` - 8"", Թևերի երկարություն` - 125 մմ․, Թևերի քանակ` - 3 հատ, Պտուտակաբանալի չափս` - 22 մմ․, Առավելագույն տրամագիծ` - 180 մմ․, Առավելագույն սեղմման ուժ` - 9 տ․, Հեղույսի չափս` - M18"
Գալովկա հարվածային N30-L 48մմ YATO YT-1020,4400,3,"Երկարություն` - 48 մմ․, Գլխիկի չափս` - 30 մմ."
Գալովկա հարվածային N28-L 48մմ YATO YT-1018,4100,2,"Երկարություն` - 48 մմ․, Գլխիկի չափս` - 28 մմ․"
Գալովկա հարվածային N27-L 43մմ YATO YT-1017,3950,2,"Երկարություն` - 43 մմ․, Գլխիկի չափս` - 27 մմ․"
Գալովկա 1/2 - E22 YATO YT-05227,750,3,"Երկարություն` - 38 մմ․, Չափս` - 1/2"" (12,7 մմ) - E22"
Գալովկա 1/2 - E18 YATO YT-05225,650,3,"Երկարություն` - 38 մմ․, Չափս` - 1/2"" (12,7 մմ) - E18"
Գալովկա 1/2 - E16 YATO YT-05224,600,2,"Երկարություն` - 38 մմ․, Չափս` - 1/2"" (12,7 մմ) - E16"
Գալովկա 1/2 - E11 YATO YT-05221,550,6,"Երկարություն` - 38 մմ․, Չափս` - 1/2"" (12,7 մմ) - E11"
Գալովկա 1/2 - E10 YATO YT-05220,500,6,"Երկարություն` - 38 մմ․, Գործիքի կրիչի չափ` - 1/2"" (12,7 մմ) - E10"
Գալովկա ասեղներով 3/8 7-19 մմ VOREL 53002,1800,2,Չափսեր` - 3/8 7-19 մմ
Անցում գալովկից կվադրատ 1/2ից-5/16 YATO YT-1295,750,3,"Երկարություն` - 38 մմ, Չափս` - 1/2"" (12,7 մմ)"
Գալովկա 1/2-E24 YATO YT-05228,1000,3,"Երկարություն` - 38 մմ․, Չափս` - 1/2"" (12,7 մմ․) - E24"
Ճչանակ 1/2 BERENT BT2412,4800,3,
Ճչանակ 1/4 BERENT BT2313,3900,2,
Տրիշոտկա 20KGS BERENT BT2459,16900,1,
Ճչանակ 30KGS BERENT BT2460,29400,1,
Ճչանակ երկկողմ գալովկով 10-12 BERENT BT2371,3500,2,
Ճչանակ երկկողմ գալովկով 12-14 BERENT BT2372,3700,2,
Պտուտակահան բանալի վեցանկյուն N4 BERENT BT2543,550,2,Չափս` - 4 մմ.
Պտուտակահան բանալի վեցանկյուն գլխիկով N4 BERENT BT2534,550,3,Չափս` - 4 մմ.
Պտուտակահան բանալի վեցանկյուն գլխիկով N8 BERENT BT2537,1650,3,Չափս` - 8 մմ․
Պտուտակահան բանալի վեցանկյուն գլխիկով N6 BERENT BT2545,950,2,Չափս` - 6 մմ
Պտուտակահան բանալի վեցանկյուն գլխիկով N5 BERENT BT2544,900,4,Չափս` - 5 մմ.
Պտուտակահան բանալի վեցանկյուն գլխիկով N12 BERENT BT2548,2300,4,Չափս` - 12 մմ.
Պտուտակահան բանալի վեցանկյուն գլխիկով N10 BERENT BT2547,1750,4,Չափս` - 10 մմ.
Պտուտակահան բանալի վեցանկյուն N5 BERENT BT2131,350,10,Չափս` - 5 մմ.
Պտուտակահան բանալի վեցանկյուն N4 BERENT BT2130,300,3,Չափս` - 4 մմ.
Բանալի վեցանկյուն գլխիկով BERENT BT2538,1700,2,
Վեցանկյուն բանալի գլխիկով N6 BERENT BT2536,850,4,
Վեցանկյուն բանալի դանակի պես բացվող BERENT BT2156,1800,3,
Վեցանկյուն բանալի դանակի պես բացվող BERENT BT2157,1800,3,
Պտուտակահան բանալի վեցանկյուն N10 BERENT BT2134,990,2,Չափս` - 10 մմ.
Սյոմնիկ փոքր BERENT BT1073,1200,3,
Սյոմնիկ փոքր 125մմ BERENT BT1066,1000,2,
Բանալի փակ միակ N36 BERENT BT2361,7900,1,Չափս` - 36 մմ.
Բանալի փակ միակ N32 BERENT BT2360,5900,1,Չափս` - 32 մմ․
Բանալի փակ միակ N30 BERENT BT2359,5500,1,Չափս` - 30 մմ.
Բանալի փակ միակ N24 BERENT BT2357,4650,2,Չափս` - 24 մմ.
Պտուտակահան բանալի ճռիկով N8 BERENT BT2187,1550,4,Չափս` - 8 մմ․
Պտուտակահան բանալի ճռիկով N12 BERENT BT2191,1950,3,Չափս` - 12 մմ.
Պտուտակահան բանալի ճռիկով N10 BERENT BT2189,1650,3,Չափս` - 10 մմ.
Պտուտակահան բանալի ճռիկով N16 BERENT BT2470,3200,2,
Պտուտակահան բանալի ճռիկով N15 BERENT BT2469,3100,3,
Բանալի գալովկա T-ձև N9մմ BERENT BT2333,900,2,
Բանալի բաց միակ N24 BERENT BT2344,5800,1,Չափս` - 24 մմ.
Պտուտակահան բանալի հավաքածու BERENT BT2715,11750,1,Քանակ` - 10 կտոր
Պտուտակահան բանալի հավաքածու BERENT BT2714,6500,1,Քանակ` - 8 կտոր
Պտուտակահան բանալի հավաքածու BERENT BT2719,5000,1,Քանակ` - 6 կտոր
Պտուտակահան բանալի հավաքածու BERENT BT2720,6700,2,Քանակ` - 8 կտոր
Պտուտակահան բանալի անջատող 6/150 BERENT BT2509,2000,3,Չափս` - 6/150
Պտուտակահան բանալի վեցանկյան հավաքածու 9կտ քառակուսի միջին BERENT BT2290,1850,5,
Պտուտակահան բանալի վեցանկյան հավաքածու 9կտ քառակուսի երկար BERENT BT2289,2100,3,Քանակ` - 9 կտոր
Պտուտակահան բանալի տափակ BERENT BT1178,3850,3,
Պտուտակահան բանալի ճռիկով N14 BERENT BT2468,2900,3,Չափս` - 14 մմ
Գոլովկա N26 BERENT BT2225,1100,6,Չափս` - 26 մմ
Գոլովկա երկար N27 BERENT BT2246,1950,3,Չափս` - 27 մմ
Գալովկի պոչ 1/2 ուժի չափ դաչիկով 0-500 BERENT BT2406,7500,1,
Գալովկայի ձող 250մմ BERENT BT2251,1990,2,
Գալովկայի հավաքածու 42կտ BERENT BT8102,15600,1,
"Գալովկի երկարացման պոչ 3/8- 3""-75 մմ BERENT BT2628",600,3,
Գալովկի երկարացման պոչ BERENT BT2624,400,15,
Գալովկի երկար պոչ 3/8-10 250մմ BERENT BT2631,1200,2,
Գալովկա շարժական 1/2 մ/պ BERENT BT220,1700,3,
Գալովկա կոմպլ+ ճչանակ 10մմ BERENT BT2310,9950,2,
Գալովկա երկար N21 BERENT BT2242,1150,6,Չափս` - 21 մմ.
Գալովկա երկար N20 BERENT BT2241,1600,5,Չափս` - 20 մմ.
Գալովկա երկար 21 մմ BERENT BT2207,900,2,Չափս` - 21 մմ.
Գալովկա երկար 19 մմ BERENT BT2240,1500,4,Չափս` - 19 մմ.
Գալովկա երկար 16 մմ BERENT BT2206,800,2,Չափս` - 16 մմ.
Գալովկա երկար 18 մմ BERENT BT2239,1450,7,Չափս` - 18 մմ.
Գալովկա երկար 16 մմ BERENT BT2237,1350,4,Չափս` - 16 մմ.
Գալովկա երկար 17 մմ BERENT BT2238,1400,5,Չափս` - 17 մմ.
Գալովկա երկար 15 մմ BERENT BT2236,1300,7,Չափս` - 15 մմ
Գալովկա երկար 14 մմ BERENT BT2235,1200,5,Չափս` - 14 մմ
Գալովկա երկար 12 մմ BERENT BT2233,850,7,Չափս` - 12 մմ.
Գալովկա երկար 10 մմ BERENT BT2231,950,5,Չափս` - 10 մմ.
Գալովկա կլուչ ունիվերսալ ասեղներով 8-19մմ BERENT BT2868,8800,2,Չափս` - 8 - 19 մմ
Գալովկա երկար N9 BERENT BT2230,930,4,Չափս` - 9 մմ․
Գալովկա երկար N8 BERENT BT2229,900,4,Չափս` - 8 մմ.
Գալովկա երկար N30 BERENT BT2247,2850,2,Չափս` - 30 մմ.
Գալովկա երկար N22 BERENT BT2243,1400,4,Չափս` - 22 մմ․
Գալովկա երկար N11 BERENT BT2232,1000,4,Չափս` - 11 մմ.
Գալովկա երկար N13 BERENT BT2234,1000,5,Չափս` - 13 մմ
Գալովկա T-ձև N8մմ BERENT BT2332,850,2,Չափս` - 8 մմ․
Գալովկա T-ձև N17մմ BERENT BT2341,1650,3,Չափս` - 17 մմ
Գալովկա T-ձև N13մմ BERENT BT2337,1000,2,Չափս` - 13 մմ
Գալովկա T-ձև N10մմ BERENT BT2334,950,3,Չափս` - 10 մմ.
Գալովկա N9 BERENT BT2209,470,8,Չափս` - 9 մմ․
Գալովկա N8 BERENT BT2208,450,11,Չափս` - 8 մմ․
Գալովկա N32 BERENT BT2228,1700,7,Չափս` - 32 մմ․
Գալովկա N30 BERENT BT2227,1650,5,Չափս` - 30 մմ.
Գալովկա N27 BERENT BT2226,1200,7,Չափս` - 27 մմ
Գալովկա N24 BERENT BT2224,900,10,Չափս` - 24 մմ.
Գալովկա N23 BERENT BT2223,950,6,Չափս` - 23 մմ
Գալովկա N22 BERENT BT2222,900,10,Չափս` - 22 մմ․
Գալովկա N21 BERENT BT2221,880,7,Չափս` - 21 մմ.
Գալովկա N20 BERENT BT2220,850,4,Չափս` - 20 մմ.
Գալովկա N19 BERENT BT2219,800,4,Չափս` - 19 մմ.
Գալովկա N18 BERENT BT2218,750,7,Չափս` - 18 մմ.
Գալովկա N17 BERENT BT2217,730,5,Չափս` - 17 մմ
Գալովկա N16 BERENT BT2216,700,7,Չափսե` - 16 մմ.
Գալովկա N15 BERENT BT2215,670,7,Չափս` - 15 մմ
Գալովկա N14 BERENT BT2214,650,8,Չափս` - 14 մմ
Գալովկա N13 BERENT BT2213,500,4,Չափս` - 13 մմ
Գալովկա N12 BERENT BT2212,550,8,Չափս` - 12 մմ.
Գալովկա N11 BERENT BT2211,530,3,Չափս` - 11 մմ.
Գալովկա N10 BERENT BT2210,500,8,Չափս` - 10 մմ.
Գալովկա երկար N24 BERENT BT2245,1900,5,Չափս` - 24 մմ․
Գալովկա երկար N23 BERENT BT2244,1800,4,Չափս` - 23 մմ
Աստղիկի հավաքածու դանակի պես բացովի BERENT BT2158,1990,1,
Աստղիկ պլասմասե գլխով T40 BERENT BT2555,1450,5,
Գալովկի երկարացման պոչ 3/8 մմ BERENT BT2633,830,3,
Գալովկի երկարացման պոչ 3/8 մմ BERENT BT2632,600,3,
Ունելի ուղիղ նիկել 130մմ պլասմասե ծայրով YATO YT-6912,2100,9,
Ունելի ուղիղ նիկել 140մմ բարակ ծայրով YATO YT-6903,1150,2,
Գալովկա որձ աստղիկով հավաքածու 5կտ YATO YT-04360,2450,2,
Գալովկա որձ աստղիկ 1/2-T50-100մմ YATO YT-04326,1000,4,
Յուղի ֆիլտրի սյոմնիկ 75-160մմ YATO YT-06288,5600,1,Լծակների աշխատանքային միջակայք` - 75 - 160 մմ․
Գալովկա որձ վեցանկյուն 1/2-17մմ YATO YT-04388,1100,3,Չափսեր` - 1/2-17 x 55 մմ
Գալովկա որձ վեցանկյուն 1/2-14մմ YATO YT-04387,850,2,Չափսեր` - 1/2-14 x 55 մմ
Գալովկա որձ վեցանկյուն 1/2-12մմ YATO YT-04386,730,2,Չափսեր` - 1/2-12 x 55 մմ
Գալովկա որձ վեցանկյուն 1/2-10մմ YATO YT-04385,700,3,Չափսեր` - 1/2-10 - 55 մմ
Գալովկա որձ աստղիկ 1/2-M14 YATO YT-04345,1100,3,Չափսեր` - 1/2-M14 x 55 մմ․
Գալովկա որձ աստղիկ 1/2-M12 YATO YT-04344,700,8,Չափսեր` - 1/2-M12 x 55 մմ․
Գալովկա որձ աստղիկ 1/2-M10 YATO YT-04343,780,3,
Գալովկա որձ աստղիկ 1/2-T40-100մմ YATO YT-04324,1000,14,
Գալովկա որձ աստղիկ 1/2-T40 YATO YT-04314,850,4,
Պտուտակահան բանալի յազվա տափակ թեք 45° քթով 280մմ YATO YT-5416,8200,3,"Երկարություն` - 280 մմ, Գլխիկի լայնություն` - 55 մմ, Գլխիկի թեքություն` - 45°"
Սյոմնիկի կոմպլ. YATO YT-2130,5200,2,Բրենդ` - YATO
Սյոմնիկի 90-180մմ YATO YT-0602,16000,1,Բրենդ` - YATO
Սյոմնիկ կլապանի պռուժինը հանելու համար YATO YT-0618,9550,2,Քաշ` - 0.86 կգ․
Վեցանիստի հավաքածու YATO YT-0501,2750,3,"Չափսեր` - 1.5, 2, 2.5, 3, 4, 5, 6, 8, 10 մմ․, Երկարություն` - 90, 96, 112, 125, 142, 157, 180, 201, 225 մմ․"
Կլուչ յազվա YATO YT-2449,2250,3,
Կլուչ յազվա 7**-180մմ YATO YT-2450,3500,2,
"Գալովկի ճչանակի պոչ՝ օդով 27Nm-1/4, YATO YT-09795",18000,1,"Քաշ` - 1.4կգ, Ճնշում` - 6.3 բար, Բրենդ` - YATO"
"Գալովկի ճչանակի պոչ՝ օդով 34Nm-3/8, YATO YT-0983",66000,1,"Քաշ` - 650գ, Բրենդ` - YATO"
"Գալովկի երկարացման պոչ՝ թեք 1/2-600*200մմ․, YATO YT-12445",4750,3,"Երկարություն` - 600x200 մմ․, Չափս` - 1/2"" (12,7 մմ․)"
"Գալովկի անցում՝ շարժական, ուդառնի, 1/2, YATO YT-1064",4900,2,
Գլխադիր շարժական պոչով և գլխով 1/2 457մմ YATO YT-1242,4950,3,"Երկարություն` - 457 մմ․, Բռնակի տրամագիծ` - 20 մմ․, Գլխիկի չափս` - 1/2"" (12,7 մմ․)"
"Գալովկի ճչանակի պոչ՝ օդով 80Nm-1/2, YATO YT-09803",19500,1,
Կլուչ յազվա N24 Z28-4,8500,1,
Կլուչ յազվա N18 Z09-11,6400,2,
Կլուչ յազվա N14 Z09-10,4300,1,
Կլուչ յազվա N12 Z09-9,3600,1,
Կլուչ յազվա N10 Z09-8,3200,1,
"Սյոմնիկի հաավաքածու՝ 11 կտ․, YATO YT-0844",9900,1,"Քանակ` - 11 կտոր, Քաշ` - 800 գր․, Նյութ` - պլաստմասսա"
"Սյոմնիկ՝ հարվածային, YATO YT-0617",9200,1,"Երկարություն` - 175 մմ․, Չափսեր` - M8, M12, M14 մմ․, Քաշ` - 1,4 կգ․"
"Սյոմնիկ՝ հիդրավլիկ, YATO YT-0609",99000,1,"Քաշ` - 9,5 կգ․"
"Վեցանիստ բանալի՝ հատով, 6-90 մմ․, YATO YT-5736",350,6,
"Վեցանիստ բանալի՝ հատով, 6-132 մմ․, YATO YT-5746",450,2,
"Վեցանիստ բանալի՝ հատով, 4-115 մմ․, YATO YT-5744",300,8,
"Վեցանիստ բանալի՝ հատով, 19-280 մմ․, YATO YT-5755",3700,2,
"Վեցանիստ բանալի՝ հատով, 18-250 մմ․, YATO YT-57504",3550,2,
"Վեցանիստ բանալի՝ հատով, 16-235 մմ․, YATO YT-5752",2600,4,
"Վեցանիստ բանալի՝ հատով, 14-238 մմ․, YATO YT-5751",1650,4,
Պտուտակահան բանալի վեցանկյուն 12-185 մմ YATO YT-5750,1300,5,"Չափս` - 12 մմ․, Երկարություն` - 185 մմ․, Տեսակ` - HEX"
"Յուղի ֆիլտրի բանալի՝ 75-170 մմ․, YATO YT-08254",5600,1,
"Յուղի ֆիլտրի բանալի՝ 60-115մմ․, YATO YT-08253",4800,2,
Պտուտակահան բանալի յազվա 300 մմ․ YATO YT-2091,5250,2,"Երկարություն` - 300 մմ․, Բռնելու լայնություն` - 46 մմ․"
Պտուտակահան բանալի յազվա 250մմ․ YATO YT-2090,4200,2,"Երկարություն` - 250 մմ․, Բռնելու լայնություն` - 35 մմ․"
Ունելի՝ կլոր քթով YATO YT-0608,5600,1,"Չափս` - 210x12 մմ․, Քաշ` - 300 գր․"
Գլխիկի փոխարկիչ YATO YT-04629,2800,1,"Երկարություն` - 150 մմ․ և 70 մմ․, Չափս` - 1/4, 3/8, 1/2"
Գլխիկի փոխարկիչ YATO YT-04628,2200,1,"Երկարություն` - 150 մմ․, Չափս` - 1/4, 3/8, 1/2"
Գլխիկի փոխարկիչ YATO YT-04626,500,3,"Երկարություն` - 65 մմ․, Չափս` - 3/8"
Գլխիկի փոխարկիչ YATO YT-04625,450,2,"Երկարություն` - 65 մմ․, Չափս` - 1/4"""
Գլխիկի փոխարկիչ YATO YT-04627,500,4,"Երկարություն` - 70 մմ․, Չափս` - 1/2"
"Գլխիկ՝ կարդանային հոդակապի, YATO YT-1252",1450,4,"Երկարություն` - 69 մմ․, Քաշ` - 170 գր․, Չափս` - 1/2"
"Գլխիկի երկարացման պոչ՝ թեք, 1/2, 317մմ․, YATO YT-1244",2600,3,"Երկարություն` - 317 մմ․, Քաշ` - 620 գր․, Չափս` - 1/2"
"Գլխիկի երկարացման պոչ՝ թեք, 1/2, 317մմ․, YATO YT-12438",2200,2,"Երկարություն` - 317 մմ․, Չափս` - 1/2"
"Գլխիկի երկարացման պոչ, 1/2, 76մմ․, YATO YT-1249",1200,3,"Երկարություն` - 76 մմ․, Քաշ` - 120 գր․, Չափս` - 1/2"
"Գլխիկի երկարացման պոչ, 1/2, 76մմ․, YATO YT-1246",750,3,"Երկարություն` - 76 մմ․, Քաշ` - 133 գր․, Չափս` - 1/2"
"Գլխիկի երկարացման պոչ, 1/2, 75 մմ․,YATO YT-1060",2500,2,"Երկարություն` - 75 մմ․, Քաշ` - 138 գր․, Չափս` - 1/2"
"Գլխիկի երկարացման պոչ, 1/2, 254մմ․, YATO YT-1251",2200,3,"Երկարություն` - 254 մմ․, Քաշ` - 408 գր․, Չափս` - 1/2"
"Գլխիկի երկարացման պոչ, 1/2, 254մմ․, YATO YT-1248",1900,3,"Երկարություն` - 254 մմ․, Քաշ` - 413 գր․, Չափս` - 1/2"" (12,7 մմ․)"
"Գլխիկի երկարացման պոչ, 1/2, 250 մմ․,YATO YT-1062",5600,2,"Երկարություն` - 250 մմ․, Քաշ` - 450 գր․, Չափս` - 1/2"
"Գլխիկի երկարացման պոչ, 1/2, 127 մմ․, YATO YT-1250",1350,2,"Երկարություն` - 127 մմ․, Քաշ` - 207 գր․, Չափս` - 1/2"
"Գլխիկի երկարացման պոչ, 1/2, 127մմ․, YATO YT-1247",1300,2,"Երկարություն` - 127 մմ․, Քաշ` - 207 գր․, Չափս` - 1/2"" (12,7 մմ․)"
"Գլխիկի երկարացման պոչ, 1/2, 125 մմ․, YATO YT-1061",2900,2,"Երկարություն` - 125 մմ․, Քաշ` - 223 գր․, Չափս` - 1/2"
"Գլխիկի երկարացման պոչ` մեջտեղն շարժական, YATO YT-1243",2250,3,"Երկարություն` - 255 մմ․, Քաշ` - 385 գր․, Չափս` - 1/2"
"Գլխիկի երկարացման պոչ շարժական 1/2, 360մմ YATO YT-1241",4650,2,"Երկարություն` - 360 մմ․, Բռնակի տրամագիծ` - 19 մմ․, Գլխիկի չափս` - 1/2"" (12,7 մմ․)"
Հարվածային գլխիկ YATO YT-1013,1950,1,"Երկարություն` - 39 մմ․, Գլխիկի չափս` - 23 մմ․, Քաշ` - 129 գր․"
Հարվածային գլխիկ YATO YT-1011,1900,3,"Երկարություն` - 39 մմ․, Գլխիկի չափս` - 21 մմ․, Քաշ` - 125 գր․"
Հարվածային գլխիկ YATO YT-1009,1500,5,"Երկարություն` - 39 մմ․, Գլխիկի չափս` - 19 մմ․, Քաշ` - 122 գր․"
Հարվածային գլխիկ YATO YT-1007,1500,4,"Երկարություն` - 39 մմ․, Գլխիկի չափս` - 17 մմ․, Քաշ` - 125 գր․"
Հարվածային գլխիկ YATO YT-1043,3400,3,"Երկարություն` - 78 մմ․, Գլխիկի չափս` - 23 մմ․, Քաշ` - 283 գր․"
Հարվածային գլխիկ YATO YT-1041,1550,4,"Երկարություն` - 78 մմ․, Գլխիկի չափս` - 21 մմ․, Քաշ` - 250 գր․"
Հարվածային գլխիկ YATO YT-1039,1450,3,"Երկարություն` - 78 մմ․, Գլխիկի չափս` - 19 մմ․, Քաշ` - 214 գր․"
Հարվածային գլխիկ YATO YT-1037,1150,5,"Երկարություն` - 78 մմ․, Գլխիկի չափս` - 17 մմ․, Քաշ` - 190 գր․"
Բանալու գլխիկ YATO YT-1254,950,8,"Երկարություն` - 64 մմ․, Գլխիկի չափս` - 21 մմ․, Քաշ` - 143 գր․"
"Երկկոմանի պտուտակաբանալի,T30*40, YATO YT-05313",3900,3,
"Երկկոմանի պտուտակաբանալի, T25*27, YATO YT-05312",3000,4,
"Երկկոմանի պտուտակաբանալի, T15*2, YATO YT-05311",2900,2,
"Ճչանակ՝ 3/8, BERENT BT2314",5500,2,"Երկարություն` - 150 մմ․, Քաշ` - 150 գր․"
"Ճչանակ՝ 3/4, BERENT BT2458",19900,1,"Երկարություն` - 500 մմ․, Քաշ` - 1500 գր"
"Ճչանակ՝ 1/2, BERENT BT2315",6300,2,"Երկարություն` - 250 մմ․, Քաշ` - 250 գր․"
"Բանալի փակ՝ միակողմանի, N27, BERENT BT2358",4990,2,
"Բանալի՝ ճռիկով, N9, BERENT BT2463",1900,5,
"Բանալի՝ բաց-փակ, N17, BERENT BT2781",1400,4,
"Բանալի՝ բաց-փակ, N13, BERENT BT2777",750,3,
"Բանալի՝ բաց-փակ, N10, BERENT BT2774",650,11,
"Կարգավորվող բանալի՝ քրոմից, 15/375, BERENT BT2018",7700,2,
Տրիշոտկա 1/2 BERENT BT2161,5800,1,"Չափսեր (մմ)` - 1/2, Բրենդի հայրենիք` - Չինաստան"
Տրիշոտկա 3/8 BERENT BT2160,5150,2,"Չափսեր (մմ)` - 3/8, Բրենդի հայրենիք` - Չինաստան"
Տրիշոտկա 1/4 BERENT BT2159,3600,1,"Չափսեր (մմ)` - 1/4, Բրենդի հայրենիք` - Չինաստան"
Տրիշոտկա 3/8 YATO YT-07292,5200,1,"Չափսեր (մմ)` - 3/8, Բրենդի հայրենիք` - Լեհաստան"
Տրիշոտկա 1/2 - 72T YATO YT-07293,6600,2,"Չափսեր (մմ)` - 1/2 - 72Т, Բրենդի հայրենիք` - Լեհաստան"
Տրիշոտկայի հավաքածու 6կտ YATO YT-2900,27400,1,"Չափսեր (մմ)` - 6.3 , 10, 12.5, 19, 25, 32, Բրենդի հայրենիք` - Լեհաստան"
Գալովկայի ճչանակ 1/4-72T YATO YT-07291,3550,2,
Վեցանկյան հավաքածու 9կտ YATO YT-0508,3750,2,Չափս` - 2-12մմ
Վեցանկյան հավաքածու 9կտ YATO YT-0500,2400,3,"Չափսեր` - 1,5-10մմ"
Պտուտակահան բանալի յազվա 200մմ YATO YT-2160,8100,1,Չափս` - 200մմ
Պտուտակահան բանալի յազվա պրոֆիլի նման 230մմ YATO YT-2161,7700,1,Չափս` - 250մմ
Պտուտակահան բանալի յազվա պրոֆիլի նման 215մմ YATO YT-2162,7700,2,Չափս` - 250մմ
Պտուտակահան բանալի փակ-փակ 16-18 BERENT BT2762,1000,8,Չափս` - 8-10
Պտուտակահան բանալի փակ-փակ 14-17 BERENT BT2761,900,4,Չափս` - 8-10
Պտուտակահան բանալի ունիվերսալ 9-32մմ BERENT BT2738,3500,2,Չափս` - 21
Պտուտակահան բանալի տափակ BERENT BT1546,3990,3,Չափս` - 21
Պտուտակահան բանալի բաց-փակ 7 BERENT BT2085,600,4,Չափս` - 21
Պտուտակահան բանալի բաց-փակ 22 BERENT BT2100,1350,2,Չափս` - 21
Պտուտակահան բանալի բաց-փակ 18 BERENT BT2096,1150,6,Չափս` - 21
Գալովկի ձող երկարացման պոչ 6`` BERENT BT2627,550,3,
Գալովկի ձող երկարացման պոչ 4`` BERENT BT2626,450,3,
Գալովկի ձող երկարացման պոչ 3/8-6``/150մմ BERENT BT2630,900,2,
Գալովկի ձող երկարացման պոչ 3/8-5``/125մմ BERENT BT2629,800,2,
Աստղիկ պլասմասե գլխով T30 BERENT BT2554,1000,2,
Պտուտակահան բանալի հավաքածու 8կտ BERENT BT2718,8500,2,"Հավաքածուի քանակ` - 8կտ, Չափսեր` - 8-24"
Պտուտակահան բանալի հավաքածու BERENT BT2717,6200,3,"Հավաքածուի քանակ` - 6կտ, Չափսեր` - 6-19"
Պտուտակահան բանալի հավաքածու 6կտ բաց-բաց BERENT BT2713,4150,2,"Հավաքածուի քանակ` - 6կտ, Չափսեր` - 6-19"
Պտուտակահան բանալի հավաքածու 10կտ BERENT BT2721,8750,1,Հավաքածուի քանակ` - 10կտ
Պտուտակահան բանալի փակ-փակ 8-10 BERENT BT2757,650,3,Չափս` - 8-10
Պտուտակահան բանալի փակ-փակ 24-27 BERENT BT2767,2200,5,Չափս` - 24-27
Պտուտակահան բանալի փակ-փակ 17-19 BERENT BT2763,1150,2,Չափս` - 17-19
Պտուտակահան բանալի փակ-փակ 10-12 BERENT BT2759,600,7,Չափս` - 10-12
Պտուտակահան բանալի տրուբնոյ N2 ZUBR 27314-2,7350,2,"Չափս` - N2"", Երկարություն` - 440 մմ․"
Պտուտակահան բանալի տրուբնոյ N1 ZUBR 27314-1,5650,1,"Չափս` - N1"", Երկարություն` - 330 մմ․"
Պտուտակահան բանալի տրուբնոյ N3 ZUBR 27314-3,7200,1,"Չափս` - N3, Երկարություն` - 560 մմ․"
Պտուտակահան բանալի վառոցքի մոմի 21մմ BERENT BT2177,2000,3,Չափս` - 21մմ
Պտուտակահան բանալի անջատող սև 8/200 BERENT BT2010,2200,2,Չափս` - 8/200
Պտուտակահան բանալի անջատող սև 6/150 BERENT BT2009,1500,6,Չափս` - 6/150
Պտուտակահան բանալի անջատող սև 12/300 BERENT BT2012,4200,3,Չափս` - 12/300
Պտուտակահան բանալի անջատող խրոմ 8/200 BERENT BT2015,2000,6,Չափս` - 8/200
Պտուտակահան բանալի անջատող խրոմ 6/150 BERENT BT2014,1400,4,Չափս` - 6/150
Պտուտակահան բանալի անջատող խրոմ 18/450 BERENT BT2019,11450,2,Չափս` - 18/450
Պտուտակահան բանալի անջատող խրոմ 10/250 BERENT BT2016,2700,2,Չափս` - 10/250
Պտուտակահան բանալի անջատող 8/200 BERENT BT2510,2850,4,Չափս` - 8/200
Պտուտակահան բանալի անջատող 24/600 BERENT BT2020,18350,1,Չափս` - 24/600
Պտուտակահան բանալի անջատող 12/300 BERENT BT2017,3850,2,Չափս` - 12/300
Պտուտակահան բանալի անջատող 12/300 BERENT BT2512,4750,2,Չափս` - 12/300
Պտուտակահան բանալի անջատող 10/250 BERENT BT2011,2990,3,Չափս` - 10/250մմ
Պտուտակահան բանալի անջատող 10/150 BERENT BT2511,3900,2,Չափս` - 10/150
Պտուտակահան բանալի վեցանկյուն N12 BERENT BT2135,1500,8,Չափս` - 12
Պտուտակահան բանալի վեցանկյան հավաքածու 9կտ կլոր BERENT BT2147,1600,3,Քանակ` - 9կտ
Պտուտակահան բանալի վեցանկյան հավաքածու 9կտ կլոր միջին BERENT BT2148,1400,5,Քանակ` - 9կտ
Պտուտակահան բանալի վեցանկյան հավաքածու 8կտ BERENT BT2139,600,7,Քանակ` - 8կտ
Պտուտակահան բանալի վեցանկյան հավաքածու 10կտ BERENT BT2140,850,3,Քանակ` - 10կտ
Պտուտակահան բանալի վեցանկյան հավաքածու 9կտ քառակ. երկար BERENT BT2150,2000,7,Քանակ` - 9կտ
Պտուտակահան բանալի վեցանկյան հավաքածու 9կտ քառակ. միջին BERENT BT2151,1550,4,Քանակ` - 9կտ
Պտուտակահան բանալի վեցանկյան հավաքածու 9կտ քառակ. կարճ BERENT BT2152,1350,7,Քանակ` - 9կտ
Պտուտակահան բանալի վեցանկյան հավաքածու 9կտ կլոր կարճ BERENT BT2149,1500,6,Քանակ` - 9կտ
Պտուտակահան բանալի յուղի ֆիլտրի 73-85մմ BERENT BT2735,1850,3,Չափս` - 73-85մմ
Պտուտակահան բանալի յուղի ֆիլտրի 95-111մմ YATO YT-0823,2100,3,Չափս` - 95-111մմ․
Պտուտակահան բանալի յուղի ֆիլտրի 85-950մմ YATO YT-0822,2300,2,Չափս` - 85-95 մմ․
Պտուտակահան բանալի շղթայով 18/450մմ BERENT BT1548,5350,2,Չափս` - 18/450մմ
Պտուտակահան բանալի 10/250մմ BERENT BT1547,4050,2,Չափս` - 10/250մմ
Պտուտակահան բանալի յազվա 250մմ YATO YT-2069,2800,2,Չափս` - 250մմ
Պտուտակահան բանալի յազվա 250մմ YATO YT-2070,2850,3,Չափս` - 250մմ
Պտուտակահան բանալի յազվա 10/250մմ BERENT BT1174,3990,2,Չափս` - 10/250մմ
Պտուտակահան բանալի յազվա սև 250մմ YATO YT-2453,4300,3,Չափս` - 250մմ
Պտուտակահան բանալի յազվա սև 250մմ YATO YT-2451,4350,3,Չափս` - 250մմ
Պտուտակահան բանալի յազվա սև 10/250մմ BERENT BT1176,2200,4,Չափս` - 10/250մմ
Պտուտակահան բանալի յազվա 10/250մմ BERENT BT1177,2400,4,Չափս` - 10/250մմ
Պտուտակահան բանալի ճռիկով N8 BERENT BT2462,1850,3,Չափս` - 8
Պտուտակահան բանալի ճռիկով N17 BERENT BT2471,3500,2,Չափս` - 17
Պտուտակահան բանալի ճռիկով N13 BERENT BT2467,2600,10,Չափս` - 13
Պտուտակահան բանալի ճռիկով N12 BERENT BT2466,2500,5,Չափս` - 12
Պտուտակահան բանալի ճռիկով N11 BERENT BT2465,2350,2,Չափս` - 11
Պտուտակահան բանալի ճռիկով N10 BERENT BT2464,2200,3,Չափս` - 10
Պտուտակահան բանալի սև 10/250մմ BERENT BT1129,2950,2,Չափս` - 10/250մմ
Պտուտակահան բանալի 12/300մմ BERENT BT1133,3450,3,Չափս` - 12/300մմ
Պտուտակահան բանալի 10/250մմ BERENT BT1132,2500,3,Չափս` - 10/250մմ
Պտուտակահան բանալի թեք 8մմ BERENT BT2483,800,2,Չափս` - 8մմ
Պտուտակահան բանալի թեք 13մմ BERENT BT2488,1200,2,Չափս` - 13մմ
Պտուտակահան բանալի թեք 10մմ BERENT BT2485,900,3,Չափս` - 10մմ
Պտուտակահան բանալի եռանկյուն 8-10-12 BERENT BT2179,1450,2,Չափս` - 8-10-12
Պտուտակահան բանալի եռանկյուն 14-17-19 BERENT BT2182,1700,2,Չափս` - 14-17-19
Պտուտակահան բանալի եռանկյուն 12-14-17 BERENT BT2181,1600,1,Չափս` - 12-14-17
Պտուտակահան բանալի եռանկյուն 10-12-14 BERENT BT2180,1400,3,Չափս` - 10-12-14
Պտուտակահան բանալի բաց-փակ 9 BERENT BT2087,550,6,Չափս` - 9
Պտուտակահան բանալի բաց-փակ 8 BERENT BT2086,600,11,Չափս` - 8
Պտուտակահան բանալի բաց-փակ 6 BERENT BT2084,470,9,Չափս` - 6
Պտուտակահան բանալի բաց-փակ 55 BERENT BT2421,24000,1,Չափս` - 55
Պտուտակահան բանալի բաց-փակ 50 BERENT BT2420,13500,1,Չափս` - 50
Պտուտակահան բանալի բաց-փակ 46 BERENT BT2419,11550,1,Չափս` - 46
Պտուտակահան բանալի բաց-փակ 38 BERENT BT2417,6500,2,Չափս` - 38
Պտուտակահան բանալի բաց-փակ 32 BERENT BT2109,3550,1,Չափս` - 32
Պտուտակահան բանալի բաց-փակ 24 BERENT BT2102,1950,2,Չափս` - 24
Պտուտակահան բանալի բաց-փակ 23 BERENT BT2101,2000,7,Չափս` - 23
Պտուտակահան բանալի բաց-փակ 21 BERENT BT2099,1350,7,Չափս` - 21
Պտուտակահան բանալի բաց-փակ 20 BERENT BT2098,1700,4,Չափս` - 20
Պտուտակահան բանալի բաց-փակ 19 BERENT BT2097,1300,7,Չափս` - 19
Պտուտակահան բանալի բաց-փակ 17 BERENT BT2095,950,3,Չափս` - 17
Պտուտակահան բանալի բաց-փակ 16BERENT BT2094,1000,7,Չափս` - 16
Պտուտակահան բանալի բաց-փակ 15 BERENT BT2093,950,11,Չափս` - 15
Պտուտակահան բանալի բաց-փակ 14 BERENT BT2092,850,10,Չափս` - 14
Պտուտակահան բանալի բաց-փակ 13 BERENT BT2091,750,11,Չափս` - 13
Պտուտակահան բանալի բաց-փակ 12 BERENT BT2090,850,11,Չափս` - 12
Պտուտակահան բանալի բաց-փակ 11 BERENT BT2089,750,11,Չափս` - 11
Պտուտակահան բանալի բաց-փակ 10 BERENT BT2088,730,9,Չափս` - 10
Պտուտակահան բանալի բաց-բաց 8-10 BERENT BT2024,550,13,Չափս` - 8-10
Պտուտակահան բանալի բաց-բաց 6-7 BERENT BT2022,600,4,Չափս` - 6-7
Պտուտակահան բանալի բաց-բաց 41-46 BERENT BT2051,8600,2,Չափս` - 41-46
Պտուտակահան բանալի բաց-բաց 36-41 BERENT BT2050,6300,1,Չափս` - 36-41
Պտուտակահան բանալի բաց-բաց 24-27 BERENT BT2045,2000,4,Չափս` - 24-27
Պտուտակահան բանալի բաց-բաց 22-24 BERENT BT2043,1500,5,Չափս` - 22-24
Պտուտակահան բանալի բաց-բաց 19-22 BERENT BT2039,1400,4,Չափս` - 19-22
Պտուտակահան բանալի բաց-բաց 17-19 BERENT BT2035,1000,5,Չափս` - 17-19
Պտուտակահան բանալի բաց-բաց 14-17 BERENT BT2033,800,13,Չափս` - 14-17
Պտուտակահան բանալի բաց-բաց 12-14 BERENT BT2030,700,7,Չափս` - 12-14
Պտուտակահան բանալի բաց-բաց 12-13 BERENT BT2029,700,8,Չափս` - 12-13
Պտուտակահան բանալի բաց-բաց 10-12 BERENT BT2027,600,5,Չափս` - 10-12
Պտուտակահան բանալի խաչաձև 17-19-21-23 BERENT BT2184,4990,2,Չափս` - 17-19-21-23
Պտուտակահան բանալի խաչաձև 17-19-21-22 YATO YT-0800,4800,3,Չափս` - 17-19-21-22
Պտուտակահան բանալի գեաձև 17-19-21-23 YATO YT-0803,21000,1,Չափս` - 17-19-21-23
Պտուտակահան բանալի խաչաձև 17-19-21-23 BERENT BT2185,4800,1,Չափս` - 17-19-21-23
Պտուտակահան բանալի աստղիկ միջին 9կտ BERENT BT2154,1900,2,Հավաքածուի քանակ` - 9
Պտուտակահան բանալի աստղիկ կարճ 9կտ BERENT BT2155,1500,2,Հավաքածուի քանակ` - 9
Պտուտակահան բանալի աստղիկ երկար 9կտ BERENT BT2153,2150,7,Չափս` - 30
Գալովկայի պոչ շարժական 106մմ BERENT BT2637,1500,2,Չափս` - 106մմ
Գալովկայի պոչ շարժական 100մմ BERENT BT2636,550,3,Չափս` - 100մմ
Գալովկայի անցում 75մմ BERENT BT2249,850,2,Չափս` - 75մմ
Գալովկայի ճչանակ օդով 68Nm YATO YT-0980,48550,1,
Գալովկայի ձող 125մմ BERENT BT2250,1200,4,Երկարություն` - 125մմ
Գալովկայի հավաքածու երկար YATO YT-14431,2750,2,"Երկարություն` - 5սմ, Չափսեր` - 5,5-13"
Գալովկայի հավաքածու E5-E16 YATO YT-0520,2750,3,"Կրիչի չափս` - 1/4 "" (6,3 մմ․), Քանակ` - 9 հատ"
Գալովկայի հավաքածու E10-E24 YATO YT-0521,7000,2,"Քանակ` - 9 կտ, Չափսեր` - E10 -E24, Կրիչի չափս` - 1/2 "" (12.7 мм)"
Գալովկայի ձող 90* BERENT BT2253,1900,2,Երկարություն` - 250մմ
Գալովկայի անցում 3/8-1/2 BERENT BT2641,550,2,Քանակ` - 1կտ
Գալովկայի անցում 1/4-3/8 BERENT BT2640,400,2,Քանակ` - 12կտ
Գալովկայի անցում 1/2-3/8 BERENT BT2642,500,4,Քանակ` - 1կտ
Գալովկայի շարժական ձող BERENT BT2252,2000,3,Քանակ` - 1կտ
Գալովկայի հավաքածու+ ճչանակ YATO YT-38821,11800,1,Քանակ` - 12կտ
Աստղիկի հավաքածու գալովկի անցումով 12կտ YATO YT-0430,5200,2,
Աստղիկի հավաքածու YATO YT-0512,3350,3,"Չափսեր` - T10, T15, T20, T25, T27, T30, T40, T45, T50, Երկարություն` - 78, 95, 109, 124, 143, 153, 180, 200, 222 մմ․, Քանակ` - 9 հատ"
Աստղիկի հավաքածու YATO YT-0511,3500,2,"Չափսեր` - T10, T15, T20, T25, T27, T30, T40, T45, T50, Երկարություն` - 72, 79, 86, 94, 107, 122, 133, 155, 174 մմ․, Քանակ` - 9 կտոր"
Գալովկա որձ աստղիկ 1/2-T30 100մմ YATO YT-04323,750,63,Չափսեր` - 1/2x19մմx38
Գալովկա որձ աստղիկ 1/2-T30 YATO YT-04313,700,2,"Չափս` - 1/2 "" (12,7 մմ․) - T30 x 55 մմ․, Պտույտի ուժ` - 37,4 Նմ․"
Գալովկա որձ աստղիկ 1/2-T25 100մմ YATO YT-04321,1000,3,Չափսեր` - 1/2x19մմx38
Գալովկա որձ աստղիկ 1/2-T25 YATO YT-04311,750,6,Չափսեր` - 1/2x19մմx38
Գալովկա որձ աստղիկ 1/2-M16 YATO YT-04346,1200,2,Չափսեր` - 1/2x19մմx38
Գալովկա բազմանկյուն N19 YATO YT-1471,800,12,Չափսեր` - 1/2x19մմx38
Գալովկա բազմանկյուն N17 YATO YT-1469,750,3,Չափսեր` - 1/2x17մմx38
Գալովկա բազմանկյուն N14 YATO YT-1466,700,3,Չափսեր` - 1/2x14մմx38
Գալովկա բազմանկյուն N13 YATO YT-1465,650,4,Չափսեր` - 1/2x13մմx38
Գալովկա բազմանկյուն N12 YATO YT-1464,600,4,Չափսեր` - 1/2x12մմx38
Գալովկա բազմանկյուն N11 YATO YT-1463,550,3,Չափսեր` - 1/2x11մմx38
Գալովկա բազմանկյուն N10 YATO YT-1462,500,3,Չափսեր` - 1/2x10մմx38
Աստղիկի նասատկի կոմպլեկտ 7կտ YATO YT-0410,1400,1,Կոմպլեկտի քանակ` - 7
Աստղիկի նասատկի կոմպլեկտ 15կտ YATO YT-0411,4900,3,Կոմպլեկտի քանակ` - 15
